query,page,clicks,impressions,source
brat generator,https://ibratgenerator.com/about-us,0,0,inferred_all_pages
about us,https://ibratgenerator.com/about-us,0,0,inferred_all_pages
brat captions,https://ibratgenerator.com/blog/brat-captions-for-instagram,0,0,inferred_all_pages
brat captions for instagram,https://ibratgenerator.com/blog/brat-captions-for-instagram,0,0,inferred_all_pages
brat text,https://ibratgenerator.com/blog/how-to-make-brat-text,0,0,inferred_all_pages
how to make brat text,https://ibratgenerator.com/blog/how-to-make-brat-text,0,0,inferred_all_pages
brat generator,https://ibratgenerator.com/blog,0,0,inferred_all_pages
brat text,https://ibratgenerator.com/blog,0,0,inferred_all_pages
brat font generator,https://ibratgenerator.com/blog/what-is-brat-font,0,0,inferred_all_pages
brat text,https://ibratgenerator.com/blog/what-is-brat-font,0,0,inferred_all_pages
brat font,https://ibratgenerator.com/blog/what-is-brat-font,0,0,inferred_all_pages
charli xcx brat,https://ibratgenerator.com/blog/what-is-brat-font,0,0,inferred_all_pages
what is brat font,https://ibratgenerator.com/blog/what-is-brat-font,0,0,inferred_all_pages
brat generator,https://ibratgenerator.com/blog/what-is-brat-generator,0,0,inferred_all_pages
what is brat generator,https://ibratgenerator.com/blog/what-is-brat-generator,0,0,inferred_all_pages
brat text,https://ibratgenerator.com/blog/what-is-brat-text,0,0,inferred_all_pages
what is brat text,https://ibratgenerator.com/blog/what-is-brat-text,0,0,inferred_all_pages
brat album cover generator,https://ibratgenerator.com/brat-album-cover-generator,0,0,inferred_all_pages
brat generator,https://ibratgenerator.com/brat-black-generator,0,0,inferred_all_pages
black brat generator,https://ibratgenerator.com/brat-black-generator,0,0,inferred_all_pages
brat text,https://ibratgenerator.com/brat-black-generator,0,0,inferred_all_pages
brat black generator,https://ibratgenerator.com/brat-black-generator,0,0,inferred_all_pages
brat font generator,https://ibratgenerator.com/brat-font-generator,0,0,inferred_all_pages
brat font,https://ibratgenerator.com/brat-font-generator,0,0,inferred_all_pages
brat generator,https://ibratgenerator.com/brat-generator-pink,0,0,inferred_all_pages
pink brat generator,https://ibratgenerator.com/brat-generator-pink,0,0,inferred_all_pages
brat text,https://ibratgenerator.com/brat-generator-pink,0,0,inferred_all_pages
brat generator pink,https://ibratgenerator.com/brat-generator-pink,0,0,inferred_all_pages
brat generator,https://ibratgenerator.com/brat-generator-white,0,0,inferred_all_pages
white brat generator,https://ibratgenerator.com/brat-generator-white,0,0,inferred_all_pages
brat text,https://ibratgenerator.com/brat-generator-white,0,0,inferred_all_pages
brat generator white,https://ibratgenerator.com/brat-generator-white,0,0,inferred_all_pages
brat generator,https://ibratgenerator.com/brat-green-generator,0,0,inferred_all_pages
green brat generator,https://ibratgenerator.com/brat-green-generator,0,0,inferred_all_pages
brat text,https://ibratgenerator.com/brat-green-generator,0,0,inferred_all_pages
brat green generator,https://ibratgenerator.com/brat-green-generator,0,0,inferred_all_pages
brat maker,https://ibratgenerator.com/brat-maker,0,0,inferred_all_pages
brat meme,https://ibratgenerator.com/brat-maker,0,0,inferred_all_pages
brat name generator,https://ibratgenerator.com/brat-name-generator,0,0,inferred_all_pages
brat text generator,https://ibratgenerator.com/brat-text-generator,0,0,inferred_all_pages
brat text,https://ibratgenerator.com/brat-text-generator,0,0,inferred_all_pages
brat font,https://ibratgenerator.com/brat-text-generator,0,0,inferred_all_pages
no watermark,https://ibratgenerator.com/brat-text-generator,0,0,inferred_all_pages
brat generator,https://ibratgenerator.com/contact-us,0,0,inferred_all_pages
contact us,https://ibratgenerator.com/contact-us,0,0,inferred_all_pages
brat generator,https://ibratgenerator.com/disclaimer,0,0,inferred_all_pages
disclaimer,https://ibratgenerator.com/disclaimer,0,0,inferred_all_pages
brat generator,https://ibratgenerator.com/,0,0,inferred_all_pages
free brat generator,https://ibratgenerator.com/,0,0,inferred_all_pages
brat text,https://ibratgenerator.com/,0,0,inferred_all_pages
no watermark,https://ibratgenerator.com/,0,0,inferred_all_pages
brat generator,https://ibratgenerator.com/privacy-policy,0,0,inferred_all_pages
privacy policy,https://ibratgenerator.com/privacy-policy,0,0,inferred_all_pages
brat generator,https://ibratgenerator.com/terms-conditions,0,0,inferred_all_pages
terms conditions,https://ibratgenerator.com/terms-conditions,0,0,inferred_all_pages